"name_in_vcf","ancestry","heterozygosity","ancestry_no4","heterozygosity_no4","ancestry_scaf4","heterozygosity_scaf4","release_site","release_year","tag_type","sex_binary","age_release","release_gps.n","release_gps.w","motustagid","t1_fall40","t2_fall25","t3_winter00","t4_spring25","t5_spring40","taggedDays","retrieved_archival","pop_type","release_year_f","sex_binary_f","fitted_survival"
"LF11K02",0.605,0.57,0.63,0.5,0.395,0.79,"Hope",2011,"archival",1,"ASY",49.3854,-121.316218,NA,NA,NA,NA,NA,NA,NA,1,"hybrid","y2011","s1",0.294350639454629
"LF09K01",0.3,0.3,0.335,0.35,0.13,0.06,"Hope",2011,"archival",1,"SY",49.384517,-121.414498,NA,NA,NA,NA,NA,NA,NA,1,"hybrid","y2011","s1",0.369733583972347
"CF18H03_S1_L001",0.845,0.19,0.855,0.15,0.795,0.09,"Hope",2021,"archival",1,"ASY",49.2807,-121.15116,NA,NA,NA,NA,NA,NA,NA,1,"hybrid","y2021","s1",0.305500507254645
"CF19H02_S2_L001",0.655,0.53,0.69,0.42,0.515,0.97,"Hope",2021,"archival",1,"ASY",49.28251,-121.14563,NA,NA,NA,NA,NA,NA,NA,0,"hybrid","y2021","s1",0.293423167356546
"CF19H03_S3_L001",0.205,0.11,0.22,0.12,0.135,0.09,"Hope",2021,"archival",1,"SY",49.3842287,-121.3163324,NA,NA,NA,NA,NA,NA,NA,0,"hybrid","y2021","s1",0.415942420911311
"CF19H04_S4_L001",0.355,0.31,0.41,0.4,0.08,0,"Hope",2021,"archival",1,"SY",49.22586,-121.19015,NA,NA,NA,NA,NA,NA,NA,0,"hybrid","y2021","s1",0.360279651693355
"CF19H05_S5_L001",0.405,0.41,0.405,0.33,0.43,0.8,"Hope",2021,"archival",1,"ASY",49.3145215,-121.415923,NA,NA,NA,NA,NA,NA,NA,1,"hybrid","y2021","s1",0.338826960936107
"CF19H06_S6_L001",0.43,0.44,0.44,0.46,0.7,0.14,"Hope",2021,"archival",1,"SY",49.3132,-121.4165,NA,NA,NA,NA,NA,NA,NA,0,"hybrid","y2021","s1",0.331410401707104
"CF19H07_S7_L001",0.37,0.5,0.34,0.42,0.47,0.94,"Hope",2021,"archival",1,"ASY",49.3165069,-121.4162066,NA,NA,NA,NA,NA,NA,NA,0,"hybrid","y2021","s1",0.330390359907854
"CF19H08_S8_L001",0.275,0.25,0.31,0.32,0.0600000000000001,0,"Hope",2021,"archival",1,"ASY",49.3096959,-121.4130402,NA,NA,NA,NA,NA,NA,NA,0,"hybrid","y2021","s1",0.381392233453217
"CF19H09_S9_L001",0.285,0.29,0.32,0.34,0.105,0.01,"Hope",2021,"archival",1,"ASY",49.3109998,-121.4139143,NA,NA,NA,NA,NA,NA,NA,0,"hybrid","y2021","s1",0.373501443270109
"CF20H01_S10_L001",0.73,0.38,0.74,0.4,0.89,0.02,"Hope",2021,"archival",1,"SY",49.28248,-121.14597,NA,NA,NA,NA,NA,NA,NA,0,"hybrid","y2021","s1",0.301068379619385
"CF20H03_S11_L001",0.59,0.22,0.53,0.3,0.91,0.08,"Hope",2021,"archival",1,"SY",49.4752763,-121.2516628,NA,NA,NA,NA,NA,NA,NA,0,"hybrid","y2021","s1",0.338759883241538
"CF20H04_S12_L001",0.3,0.36,0.335,0.41,0.12,0,"Hope",2021,"archival",1,"SY",49.475588,-121.250756,NA,NA,NA,NA,NA,NA,NA,0,"hybrid","y2021","s1",0.360367408472003
"CF20H05_S13_L001",0.32,0.32,0.35,0.34,0.165,0.23,"Hope",2021,"archival",1,"SY",49.3157262,-121.4156879,NA,NA,NA,NA,NA,NA,NA,0,"hybrid","y2021","s1",0.363746739371044
"CF20H05-dup_S14_L001",0.325,0.21,0.365,0.19,0.14,0.16,"Hope",2021,"archival",NA,"ASY",49.3097352,-121.411626,NA,NA,NA,NA,NA,NA,NA,0,"hybrid","y2021","sNA",0.380091101865649
"CF21H02_S15_L001",0.72,0.34,0.695,0.35,0.865,0.27,"Pemberton",2021,"archival",1,"ASY",50.337919,-122.7494935,NA,NA,NA,NA,NA,NA,NA,0,"hybrid","y2021","s1",0.306689843546686
"CF21H03_S16_L001",0.635,0.57,0.665,0.49,0.515,0.97,"Pemberton",2021,"archival",1,"ASY",50.3363731,-122.7497556,NA,NA,NA,NA,NA,NA,NA,1,"hybrid","y2021","s1",0.29110981219958
"CF21H04_S17_L001",0.785,0.33,0.795,0.41,0.855,0.29,"Pemberton",2021,"archival",1,"SY",49.3157262,-121.4156879,NA,NA,NA,NA,NA,NA,NA,1,"hybrid","y2021","s1",0.299382574929824
"CF21H05_S18_L001",0.92,0.16,0.9,0.1,0.96,0.08,"Pemberton",2021,"archival",1,"ASY",50.3336782,-122.7466734,NA,NA,NA,NA,NA,NA,NA,1,"hybrid","y2021","s1",0.297795896462607
"CF22H01_S19_L001",0.815,0.27,0.805,0.27,0.93,0.14,"Pemberton",2021,"archival",1,"SY",50.33429,-122.74456,NA,NA,NA,NA,NA,NA,NA,0,"hybrid","y2021","s1",0.301585667871621
"CF22H02_S20_L001",0.695,0.47,0.645,0.57,0.98,0,"Pemberton",2021,"archival",1,"ASY",50.338539,-122.749669,NA,NA,NA,NA,NA,NA,NA,0,"hybrid","y2021","s1",0.295513074403377
"CF22H03_S21_L001",0.425,0.61,0.4,0.56,0.495,0.75,"Pemberton",2021,"archival",1,"ASY",50.207643,-122.883246,NA,NA,NA,NA,NA,NA,NA,0,"hybrid","y2021","s1",0.308851663380278
"CF22H04_S22_L001",0.735,0.37,0.695,0.49,0.965,0.07,"Pemberton",2021,"archival",1,"ASY",50.2230491,-122.8859649,NA,NA,NA,NA,NA,NA,NA,0,"hybrid","y2021","s1",0.301518945988861
"CF22H05_S23_L001",0.59,0.48,0.605,0.43,0.54,0.74,"Pemberton",2021,"archival",1,"ASY",50.2212075,-122.8824459,NA,NA,NA,NA,NA,NA,NA,0,"hybrid","y2021","s1",0.306680523172151
"CF22H06_S24_L001",0.46,0.62,0.475,0.61,0.48,0.68,"Pemberton",2021,"archival",1,"ASY",50.219995,-122.887498,NA,NA,NA,NA,NA,NA,NA,0,"hybrid","y2021","s1",0.303779032244922
"CF23H01_S25_L001",0.715,0.37,0.675,0.43,0.915,0.11,"Pemberton",2021,"archival",1,"ASY",50.2123638,-122.8811574,NA,NA,NA,NA,NA,NA,NA,0,"hybrid","y2021","s1",0.304038303865451
"CF26H01_S26_L001",0.39,0.28,0.445,0.35,0.09,0,"Washington",2021,"archival",1,"ASY",47.3561155,-121.1151176,NA,NA,NA,NA,NA,NA,NA,0,"hybrid","y2021","s1",0.359708616741107
"CF27H01_S27_L001",0.37,0.36,0.415,0.41,0.155,0.11,"Washington",2021,"archival",1,"SY",47.3237,-121.099,NA,NA,NA,NA,NA,NA,NA,0,"hybrid","y2021","s1",0.350736807091179
"CF27H02_S28_L001",0.47,0.4,0.395,0.45,0.86,0.28,"Washington",2021,"archival",1,"ASY",47.406275,-121.0990193,NA,NA,NA,NA,NA,NA,NA,1,"hybrid","y2021","s1",0.331758968533365
"CF30H01_S29_L001",0.635,0.55,0.675,0.49,0.47,0.82,"Washington",2021,"archival",1,"SY",47.3740223,-121.0992982,NA,NA,NA,NA,NA,NA,NA,0,"hybrid","y2021","s1",0.293376660341861
"CG01H01_S30_L001",0.555,0.69,0.49,0.84,0.895,0.21,"Washington",2021,"archival",1,"SY",47.378361,-121.095768,NA,NA,NA,NA,NA,NA,NA,0,"hybrid","y2021","s1",0.285444605817284
"CG01H02_S31_L001",0.655,0.57,0.705,0.59,0.5,0.8,"Washington",2021,"archival",1,"SY",47.410472,-121.10668,NA,NA,NA,NA,NA,NA,NA,0,"hybrid","y2021","s1",0.288960984902062
"CG01H03_S32_L001",0.625,0.57,0.575,0.67,0.94,0,"Washington",2021,"archival",1,"SY",47.378361,-121.095768,NA,NA,NA,NA,NA,NA,NA,0,"hybrid","y2021","s1",0.292187750139845
"CG02H03_S33_L001",0.54,0.62,0.56,0.6,0.47,0.82,"Washington",2021,"archival",1,"SY",47.376998,-121.096453,NA,NA,NA,NA,NA,NA,NA,0,"hybrid","y2021","s1",0.295335459368261
"CG05H01_S34_L001",0.755,0.31,0.81,0.22,0.515,0.97,"Washington",2021,"archival",1,"ASY",47.416006,-121.079255,NA,NA,NA,NA,NA,NA,NA,0,"hybrid","y2021","s1",0.305375700176961
"BF23H01",0.61,0.44,0.625,0.33,0.53,0.86,"Alaska",2020,"archival",1,"ASY",55.9362377,-130.0406016,NA,NA,NA,NA,NA,NA,NA,0,"hybrid","y2020","s1",0.30906366725987
"BF23H02",0.695,0.53,0.67,0.62,0.785,0.21,"Alaska",2020,"archival",1,"SY",55.9497457,-130.0540901,NA,NA,NA,NA,NA,NA,NA,0,"hybrid","y2020","s1",0.288991581964761
"BF24H04",0.65,0.7,0.68,0.64,0.495,0.87,"Alaska",2020,"archival",1,"SY",55.9582081,-130.062912,NA,NA,NA,NA,NA,NA,NA,0,"hybrid","y2020","s1",0.275212764989807
"BF24H03",0.64,0.26,0.59,0.3,0.815,0.23,"Alaska",2020,"archival",1,"ASY",55.9571911,-130.0630175,NA,NA,NA,NA,NA,NA,NA,0,"hybrid","y2020","s1",0.326663289529078
"BF24H02",0.215,0.11,0.18,0,0.41,0.6,"Alaska",2020,"archival",1,"SY",55.9487427,-130.049827,NA,NA,NA,NA,NA,NA,NA,1,"hybrid","y2020","s1",0.414257130226817
"BF24H01",0.8,0.28,0.875,0.17,0.5,1,"Alaska",2020,"archival",1,"SY",55.9441561,-130.0495293,NA,NA,NA,NA,NA,NA,NA,0,"hybrid","y2020","s1",0.30256624743326
"BF25H01",0.695,0.57,0.74,0.46,0.515,0.97,"Alaska",2020,"archival",1,"SY",55.9430412,-129.9949333,NA,NA,NA,NA,NA,NA,NA,0,"hybrid","y2020","s1",0.284691715532027
"BF24H08",0.74,0.44,0.72,0.52,0.91,0.06,"Alaska",2020,"archival",1,"ASY",55.9431034,-129.9933987,NA,NA,NA,NA,NA,NA,NA,1,"hybrid","y2020","s1",0.293454801245233
"BF24H06",0.65,0.66,0.62,0.76,0.765,0.39,"Alaska",2020,"archival",1,"ASY",55.9424605,-129.9951985,NA,NA,NA,NA,NA,NA,NA,0,"hybrid","y2020","s1",0.279561204532007
"BF25H04",0.435,0.67,0.425,0.63,0.455,0.73,"Alaska",2020,"archival",1,"ASY",55.9665738,-130.0607413,NA,NA,NA,NA,NA,NA,NA,0,"hybrid","y2020","s1",0.299865946400522
"BF25H03",0.805,0.39,0.78,0.38,0.89,0.22,"Alaska",2020,"archival",1,"ASY",55.9391206,-129.9976654,NA,NA,NA,NA,NA,NA,NA,1,"hybrid","y2020","s1",0.290794013748153
"BF25H02",0.695,0.45,0.685,0.43,0.67,0.58,"Alaska",2020,"archival",1,"ASY",55.9423794,-129.9933628,NA,NA,NA,NA,NA,NA,NA,1,"hybrid","y2020","s1",0.297705793344894
"BF27H02",0.735,0.47,0.795,0.37,0.5,0.9,"Alaska",2020,"archival",1,"ASY",56.0496986,-129.9012853,NA,NA,NA,NA,NA,NA,NA,0,"hybrid","y2020","s1",0.290877409836371
"BF27H01",0.775,0.41,0.74,0.5,0.825,0.35,"Alaska",2020,"archival",1,"ASY",56.0453888,-129.9017771,NA,NA,NA,NA,NA,NA,NA,0,"hybrid","y2020","s1",0.292398232647892
"BF26H03",0.57,0.66,0.525,0.79,0.665,0.61,"Alaska",2020,"archival",1,"ASY",56.0451115,-129.9021459,NA,NA,NA,NA,NA,NA,NA,1,"hybrid","y2020","s1",0.287492284728428
"BF26H02",0.52,0.68,0.525,0.61,0.5,1,"Alaska",2020,"archival",1,"ASY",56.0468637,-129.9021503,NA,NA,NA,NA,NA,NA,NA,0,"hybrid","y2020","s1",0.290076344892616
"BF26H01",0.765,0.47,0.76,0.48,0.73,0.5,"Alaska",2020,"archival",1,"SY",56.0470719,-129.9024316,NA,NA,NA,NA,NA,NA,NA,0,"hybrid","y2020","s1",0.287428960640457
"BF28H04",0.505,0.41,0.55,0.46,0.235,0.25,"Alaska",2020,"archival",1,"ASY",56.0404696,-129.9007502,NA,NA,NA,NA,NA,NA,NA,0,"hybrid","y2020","s1",0.325919596975135
"BF28H03",0.7,0.54,0.63,0.6,0.79,0.42,"Alaska",2020,"archival",1,"SY",56.0414885,-129.9024611,NA,NA,NA,NA,NA,NA,NA,1,"hybrid","y2020","s1",0.287366921078087
"BF28H02",0.605,0.59,0.67,0.58,0.26,0.46,"Alaska",2020,"archival",1,"SY",56.039389,-129.901465,NA,NA,NA,NA,NA,NA,NA,0,"hybrid","y2020","s1",0.292032895162153
"BF28H01",0.71,0.48,0.735,0.53,0.715,0.35,"Alaska",2020,"archival",1,"SY",56.037207,-129.899491,NA,NA,NA,NA,NA,NA,NA,1,"hybrid","y2020","s1",0.292692243872872
"BF27H07",0.85,0.18,0.855,0.17,0.825,0.27,"Alaska",2020,"archival",1,"SY",56.6431257,-129.904805,NA,NA,NA,NA,NA,NA,NA,0,"hybrid","y2020","s1",0.305787748351996
"BF27H06",0.555,0.75,0.6,0.7,0.45,0.7,"Alaska",2020,"archival",1,"ASY",56.03835,-129.90114,NA,NA,NA,NA,NA,NA,NA,1,"hybrid","y2020","s1",0.278424544154145
"BF27H03",0.8,0.4,0.775,0.39,0.66,0.48,"Alaska",2020,"archival",1,"SY",56.043704,-129.9025372,NA,NA,NA,NA,NA,NA,NA,0,"hybrid","y2020","s1",0.290399135240631
"AF14H04",0.715,0.49,0.735,0.47,0.72,0.56,"Pemberton",2019,"archival",1,"SY",50.3726064,-122.8661203,NA,NA,NA,NA,NA,NA,NA,0,"hybrid","y2019","s1",0.291047563767501
"AF14H01",0.57,0.78,0.585,0.77,0.515,0.97,"Pemberton",2019,"archival",1,"ASY",50.215849,-122.887424,NA,NA,NA,NA,NA,NA,NA,0,"hybrid","y2019","s1",0.273631539227861
"AF12H01",0.525,0.79,0.585,0.73,0.5,0.78,"Hope",2019,"archival",0,"SY",49.382239,-121.3173581,NA,NA,NA,NA,NA,NA,NA,0,"hybrid","y2019","s0",0.276432403269221
"AF17H04",0.67,0.54,0.645,0.55,0.77,0.46,"Pemberton",2019,"archival",1,"SY",50.2217212,-122.8891735,NA,NA,NA,NA,NA,NA,NA,1,"hybrid","y2019","s1",0.290652679730065
"AF17H03",0.65,0.44,0.73,0.46,0.235,0.27,"Pemberton",2019,"archival",1,"SY",50.368056,-122.859091,NA,NA,NA,NA,NA,NA,NA,0,"hybrid","y2019","s1",0.304212078569361
"AF17H02",0.595,0.33,0.645,0.23,0.505,0.69,"Pemberton",2019,"archival",1,"ASY",50.3661134,-122.8581192,NA,NA,NA,NA,NA,NA,NA,0,"hybrid","y2019","s1",0.324313935997406
"AF17H01",0.6,0.52,0.57,0.54,0.755,0.49,"Pemberton",2019,"archival",1,"SY",50.367789,-122.860593,NA,NA,NA,NA,NA,NA,NA,1,"hybrid","y2019","s1",0.300759644471373
"AF16H04",0.66,0.42,0.61,0.46,0.885,0.13,"Pemberton",2019,"archival",1,"SY",50.3679332,-122.8627068,NA,NA,NA,NA,NA,NA,NA,1,"hybrid","y2019","s1",0.305285748240829
"AF16H03",0.495,0.65,0.52,0.68,0.33,0.46,"Pemberton",2019,"archival",1,"SY",50.2222095,-122.887475,NA,NA,NA,NA,NA,NA,NA,1,"hybrid","y2019","s1",0.296298653207843
"AF16H02",0.335,0.45,0.37,0.5,0.165,0.19,"Pemberton",2019,"archival",1,"ASY",50.22224688,-122.8877838,NA,NA,NA,NA,NA,NA,NA,0,"hybrid","y2019","s1",0.342039062090065
"AF14H06",0.62,0.66,0.635,0.61,0.53,0.84,"Pemberton",2019,"archival",1,"SY",50.3695012,-122.8623256,NA,NA,NA,NA,NA,NA,NA,0,"hybrid","y2019","s1",0.282519634874155
"AF21H03",0.49,0.76,0.48,0.72,0.515,0.97,"Hope",2019,"archival",1,"ASY",49.4640089,-121.2528396,NA,NA,NA,NA,NA,NA,NA,1,"hybrid","y2019","s1",0.283172050583731
"AF21H02",0.41,0.5,0.395,0.41,0.48,0.82,"Hope",2019,"archival",1,"SY",49.4677539,-121.2525177,NA,NA,NA,NA,NA,NA,NA,1,"hybrid","y2019","s1",0.32555905272761
"AF21H01",0.42,0.62,0.41,0.56,0.515,0.97,"Hope",2019,"archival",1,"ASY",49.4698,-121.2521,NA,NA,NA,NA,NA,NA,NA,1,"hybrid","y2019","s1",0.308051450933028
"AF20H04",0.36,0.46,0.4,0.52,0.125,0.13,"Hope",2019,"archival",1,"SY",49.4661809,-121.2512259,NA,NA,NA,NA,NA,NA,NA,1,"hybrid","y2019","s1",0.337400680517962
"AF20H03",0.54,0.54,0.555,0.45,0.51,0.84,"Hope",2019,"archival",1,"ASY",49.4661809,-121.2512259,NA,NA,NA,NA,NA,NA,NA,0,"hybrid","y2019","s1",0.305143340715411
"AF20H02",0.55,0.54,0.565,0.45,0.5,0.96,"Hope",2019,"archival",1,"SY",49.4722977,-121.2514811,NA,NA,NA,NA,NA,NA,NA,1,"hybrid","y2019","s1",0.30401435348294
"AF20H01",0.69,0.44,0.735,0.33,0.48,0.96,"Hope",2019,"archival",1,"ASY",49.471911,-121.2525224,NA,NA,NA,NA,NA,NA,NA,0,"hybrid","y2019","s1",0.299403646753841
"AF19H01",0.64,0.62,0.62,0.76,0.89,0.18,"Pemberton",2019,"archival",1,"SY",50.3672982,-122.8643973,NA,NA,NA,NA,NA,NA,NA,0,"hybrid","y2019","s1",0.284975347125007
"AF22H07",0.365,0.41,0.405,0.47,0.22,0.02,"Hope",2019,"archival",1,"ASY",49.383463,-121.317134,NA,NA,NA,NA,NA,NA,NA,1,"hybrid","y2019","s1",0.344059155915046
"AF22H06",0.4,0.52,0.44,0.58,0.225,0.31,"Hope",2019,"archival",1,"ASY",49.478698,-121.250893,NA,NA,NA,NA,NA,NA,NA,0,"hybrid","y2019","s1",0.323971251097338
"AF22H05",0.645,0.65,0.705,0.55,0.515,0.89,"Hope",2019,"archival",1,"SY",49.4850383,-121.2487422,NA,NA,NA,NA,NA,NA,NA,0,"hybrid","y2019","s1",0.281151573433426
"AF22H04",0.565,0.81,0.59,0.82,0.545,0.83,"Hope",2019,"archival",1,"ASY",49.4792511,-121.2524426,NA,NA,NA,NA,NA,NA,NA,0,"hybrid","y2019","s1",0.270658194378604
"AF22H03",0.615,0.63,0.555,0.73,0.795,0.33,"Hope",2019,"archival",1,"ASY",49.475243,-121.248487,NA,NA,NA,NA,NA,NA,NA,0,"hybrid","y2019","s1",0.286408203536921
"AF22H02",0.405,0.33,0.435,0.37,0.17,0.22,"Hope",2019,"archival",1,"ASY",49.4778271,-121.2504454,NA,NA,NA,NA,NA,NA,NA,0,"hybrid","y2019","s1",0.350283462974554
"AF22H01",0.515,0.77,0.555,0.75,0.53,0.94,"Hope",2019,"archival",1,"ASY",49.4783782,-121.2499891,NA,NA,NA,NA,NA,NA,NA,1,"hybrid","y2019","s1",0.279694937319376
"AF21H04",0.455,0.59,0.5,0.66,0.16,0.14,"Hope",2019,"archival",1,"ASY",49.3855871,-121.3157478,NA,NA,NA,NA,NA,NA,NA,0,"hybrid","y2019","s1",0.30823398154751
"AF24H02",0.365,0.45,0.415,0.53,0.125,0.05,"Hope",2019,"archival",1,"ASY",49.4923793,-121.2425865,NA,NA,NA,NA,NA,NA,NA,0,"hybrid","y2019","s1",0.338223091784
"AF24H01",0.385,0.53,0.445,0.61,0.095,0.13,"Hope",2019,"archival",1,"ASY",49.492288,-121.2423961,NA,NA,NA,NA,NA,NA,NA,0,"hybrid","y2019","s1",0.324341748996135
"AF23H05",0.59,0.74,0.61,0.78,0.545,0.91,"Hope",2019,"archival",1,"ASY",49.4790673,-121.2486061,NA,NA,NA,NA,NA,NA,NA,1,"hybrid","y2019","s1",0.2763692972382
"AF23H04",0.51,0.72,0.56,0.8,0.165,0.21,"Hope",2019,"archival",1,"ASY",49.4633785,-121.2518961,NA,NA,NA,NA,NA,NA,NA,0,"hybrid","y2019","s1",0.286181948542857
"AF23H03",0.81,0.22,0.805,0.21,0.805,0.39,"Hope",2019,"archival",1,"ASY",49.4829867,-121.2472831,NA,NA,NA,NA,NA,NA,NA,1,"hybrid","y2019","s1",0.307365063753811
"AF23H02",0.65,0.44,0.605,0.45,0.825,0.35,"Hope",2019,"archival",1,"SY",49.4727019,-121.2499311,NA,NA,NA,NA,NA,NA,NA,1,"hybrid","y2019","s1",0.304212078569361
"AF23H01",0.475,0.67,0.53,0.78,0.205,0.23,"Hope",2019,"archival",1,"ASY",49.4838765,-121.2485132,NA,NA,NA,NA,NA,NA,NA,0,"hybrid","y2019","s1",0.295814620046232
"AF27H03",0.795,0.29,0.795,0.41,0.95,0,"Pemberton",2019,"archival",1,"ASY",50.33533752,-122.7445391,NA,NA,NA,NA,NA,NA,NA,0,"hybrid","y2019","s1",0.302201697957931
"AF27H02",0.72,0.46,0.68,0.48,0.855,0.29,"Pemberton",2019,"archival",1,"ASY",50.3354504,-122.7455245,NA,NA,NA,NA,NA,NA,NA,1,"hybrid","y2019","s1",0.293680240123506
"AF27H01",0.77,0.38,0.775,0.35,0.67,0.66,"Pemberton",2019,"archival",1,"SY",50.3360312,-122.7487029,NA,NA,NA,NA,NA,NA,NA,0,"hybrid","y2019","s1",0.29610102114809
"AF26H05",0.645,0.53,0.63,0.5,0.695,0.61,"Hope",2019,"archival",1,"ASY",49.4742916,-121.2470531,NA,NA,NA,NA,NA,NA,NA,0,"hybrid","y2019","s1",0.294537252803966
"AF26H04",0.325,0.27,0.35,0.28,0.2,0.26,"Hope",2019,"archival",1,"ASY",49.4757878,-121.2425879,NA,NA,NA,NA,NA,NA,NA,0,"hybrid","y2019","s1",0.370747940959486
"AF26H03",0.6,0.38,0.565,0.39,0.825,0.25,"Hope",2019,"archival",1,"ASY",49.4739844,-121.2478175,NA,NA,NA,NA,NA,NA,NA,0,"hybrid","y2019","s1",0.317533562253329
"AF26H02",0.615,0.65,0.64,0.64,0.485,0.89,"Hope",2019,"archival",1,"ASY",49.476319,-121.244427,NA,NA,NA,NA,NA,NA,NA,0,"hybrid","y2019","s1",0.284143059542691
"AF26H01",0.76,0.38,0.77,0.34,0.735,0.53,"Hope",2019,"archival",1,"ASY",49.475772,-121.245798,NA,NA,NA,NA,NA,NA,NA,1,"hybrid","y2019","s1",0.297338405622441
"AF24H03",0.225,0.15,0.245,0.19,0.085,0.01,"Hope",2019,"archival",1,"ASY",49.3807995,-121.3176582,NA,NA,NA,NA,NA,NA,NA,0,"hybrid","y2019","s1",0.405789438461398
"AF30H03",0.4,0.56,0.45,0.66,0.08,0.02,"Pemberton",2019,"archival",1,"ASY",50.3384448,-122.7408691,NA,NA,NA,NA,NA,NA,NA,0,"hybrid","y2019","s1",0.318424407182747
"AF30H01",0.665,0.33,0.77,0.36,0.12,0.18,"Pemberton",2019,"archival",1,"ASY",50.335445,-122.7434162,NA,NA,NA,NA,NA,NA,NA,0,"hybrid","y2019","s1",0.315002280819292
"AF29H02",0.72,0.5,0.685,0.63,0.85,0.06,"Pemberton",2019,"archival",1,"ASY",50.3373346,-122.74671,NA,NA,NA,NA,NA,NA,NA,1,"hybrid","y2019","s1",0.289416049343262
"AF29H01",0.665,0.63,0.675,0.55,0.525,0.85,"Pemberton",2019,"archival",1,"ASY",50.3378005,-122.7492866,NA,NA,NA,NA,NA,NA,NA,0,"hybrid","y2019","s1",0.281333251925478
"AF28H03",0.665,0.39,0.78,0.44,0.12,0.14,"Pemberton",2019,"archival",1,"ASY",50.337916,-122.743981,NA,NA,NA,NA,NA,NA,NA,1,"hybrid","y2019","s1",0.308095088400442
"AF28H02",0.69,0.22,0.795,0.23,0.14,0.06,"Pemberton",2019,"archival",1,"ASY",50.3367179,-122.7436322,NA,NA,NA,NA,NA,NA,NA,1,"hybrid","y2019","s1",0.324291922510892
"AF28H01",0.6,0.7,0.625,0.65,0.475,0.83,"Pemberton",2019,"archival",1,"ASY",50.3334224,-122.7453216,NA,NA,NA,NA,NA,NA,NA,1,"hybrid","y2019","s1",0.279955934028066
"AF27H04",0.72,0.54,0.78,0.4,0.515,0.97,"Pemberton",2019,"archival",1,"ASY",50.336686,-122.7453652,NA,NA,NA,NA,NA,NA,NA,0,"hybrid","y2019","s1",0.285188774540069
"AG01H04",0.75,0.12,0.875,0.15,0.08,0.02,"Pemberton",2019,"archival",1,"ASY",50.3310406,-122.7420061,NA,NA,NA,NA,NA,NA,NA,0,"hybrid","y2019","s1",0.326776112623449
"AG01H03",0.67,0.54,0.63,0.6,0.84,0.32,"Pemberton",2019,"archival",1,"ASY",50.3392374,-122.7425683,NA,NA,NA,NA,NA,NA,NA,0,"hybrid","y2019","s1",0.290652679730065
"AG01H02",0.67,0.48,0.665,0.49,0.755,0.49,"Pemberton",2019,"archival",1,"ASY",50.330253,-122.7410576,NA,NA,NA,NA,NA,NA,NA,0,"hybrid","y2019","s1",0.297313391526215
"AG01H01",0.72,0.44,0.69,0.56,0.85,0.3,"Pemberton",2019,"archival",1,"ASY",50.3306832,-122.7415769,NA,NA,NA,NA,NA,NA,NA,0,"hybrid","y2019","s1",0.295826044003148
"JF18K04",0.15,0.02,0.15,0.02,0.09,0,"Hope",2011,"archival",1,"SY",49.384367,-121.415401,NA,NA,NA,NA,NA,NA,NA,1,"hybrid","y2011","s1",0.441370333123569
"JF05K04",0.415,0.61,0.4,0.56,0.465,0.87,"Pemberton",2011,"archival",1,"ASY",50.22188,-122.889341,NA,NA,NA,NA,NA,NA,NA,1,"hybrid","y2011","s1",0.309934516269263
"JG02K01",0.51,0.56,0.44,0.6,0.775,0.45,"Pemberton",2011,"archival",1,"ASY",50.221534,-122.888501,NA,NA,NA,NA,NA,NA,NA,1,"hybrid","y2011","s1",0.306012132376039
"JF27K01",0.755,0.33,0.735,0.35,0.87,0.26,"Pemberton",2011,"archival",1,"SY",50.336917,-122.750251,NA,NA,NA,NA,NA,NA,NA,1,"hybrid","y2011","s1",0.303245864540144
"JF18K07",0.62,0.54,0.665,0.47,0.42,0.84,"Hope",2011,"archival",1,"ASY",49.3854,-121.316218,NA,NA,NA,NA,NA,NA,NA,1,"hybrid","y2011","s1",0.296177892803575
"JF18K05",0.285,0.29,0.325,0.33,0.13,0.08,"Hope",2011,"archival",1,"ASY",49.384367,-121.415401,NA,NA,NA,NA,NA,NA,NA,1,"hybrid","y2011","s1",0.373501443270109
"LE21K01",0.48,0.6,0.54,0.7,0.145,0.13,"Hope",2011,"archival",1,"ASY",49.477438,-121.246657,NA,NA,NA,NA,NA,NA,NA,1,"hybrid","y2011","s1",0.304214948040898
"LF26K05",0.54,0.76,0.55,0.72,0.51,0.92,"Hope",2011,"archival",1,"SY",49.470475,-121.251206,NA,NA,NA,NA,NA,NA,NA,1,"hybrid","y2011","s1",0.278621326138261
"LF12K01",0.675,0.41,0.745,0.41,0.355,0.49,"Hope",2011,"archival",1,"SY",49.471424,-121.251195,NA,NA,NA,NA,NA,NA,NA,1,"hybrid","y2011","s1",0.304577893116228
"LF17K01",0.755,0.45,0.745,0.47,0.81,0.38,"Pemberton",2011,"archival",0,"SY",50.334127,-122.742579,NA,NA,NA,NA,NA,NA,NA,1,"hybrid","y2011","s0",0.290645512269496
"LF11K01",0.27,0.22,0.31,0.24,0.135,0.09,"Hope",2011,"archival",1,"ASY",49.382313,-121.315475,NA,NA,NA,NA,NA,NA,NA,1,"hybrid","y2011","s1",0.387011319058633
"LF04K01",0.66,0.5,0.51,0.6,0.83,0.08,"Pemberton",2011,"archival",1,"SY",50.337432,-122.742345,NA,NA,NA,NA,NA,NA,NA,1,"hybrid","y2011","s1",0.296224557785695
"LF16K01",0.245,0.19,0.265,0.21,0.105,0.07,"Pemberton",2011,"archival",1,"SY",50.303112,-122.761725,NA,NA,NA,NA,NA,NA,NA,1,"hybrid","y2011","s1",0.395859735365337
"LF14K01",0.42,0.6,0.41,0.54,0.48,0.9,"Pemberton",2011,"archival",1,"ASY",50.220586,-122.884925,NA,NA,NA,NA,NA,NA,NA,1,"hybrid","y2011","s1",0.310737423595056
"MF12K02",0.55,0.38,0.575,0.25,0.5,1,"Pemberton",2012,"archival",1,"SY",50.283487,-122.889341,NA,NA,NA,NA,NA,NA,NA,1,"hybrid","y2012","s1",0.323993005448241
"LF06K01",0.365,0.41,0.345,0.29,0.515,0.97,"Pemberton",2011,"archival",1,"SY",50.22188,-122.889341,NA,NA,NA,NA,NA,NA,NA,1,"hybrid","y2011","s1",0.344059155915046
"MF19K01",0.35,0.34,0.365,0.33,0.3,0.42,"Pemberton",2012,"archival",1,"SY",50.283487,-122.889341,NA,NA,NA,NA,NA,NA,NA,1,"hybrid","y2012","s1",0.356474817343051
"MF14K01",0.59,0.74,0.54,0.92,0.88,0.24,"Hope",2012,"archival",1,"ASY",49.36452504,-121.3519593,NA,NA,NA,NA,NA,NA,NA,1,"hybrid","y2012","s1",0.2763692972382
"MF12K03",0.485,0.45,0.56,0.54,0.085,0.03,"Hope",2012,"archival",1,"ASY",49.36452504,-121.3519593,NA,NA,NA,NA,NA,NA,NA,1,"hybrid","y2012","s1",0.323172220929617
"MF12K01",0.59,0.44,0.595,0.33,0.585,0.75,"Pemberton",2012,"archival",1,"SY",50.283487,-122.889341,NA,NA,NA,NA,NA,NA,NA,1,"hybrid","y2012","s1",0.311505429159923
"MF09K01",0.785,0.33,0.76,0.4,0.885,0.23,"Pemberton",2012,"archival",1,"SY",50.283487,-122.889341,NA,NA,NA,NA,NA,NA,NA,1,"hybrid","y2012","s1",0.299382574929824
"MF08K01",0.665,0.43,0.71,0.34,0.5,1,"Pemberton",2012,"archival",1,"ASY",50.283487,-122.889341,NA,NA,NA,NA,NA,NA,NA,1,"hybrid","y2012","s1",0.303537307700797
"MF06K01",0.605,0.45,0.685,0.51,0.175,0.17,"Pemberton",2012,"archival",1,"ASY",50.283487,-122.889341,NA,NA,NA,NA,NA,NA,NA,1,"hybrid","y2012","s1",0.308478910603542
"MF03K01",0.41,0.44,0.39,0.38,0.52,0.52,"Hope",2012,"archival",1,"SY",49.36452504,-121.3519593,NA,NA,NA,NA,NA,NA,NA,1,"hybrid","y2012","s1",0.333943383810366
"MF16K01",0.29,0.38,0.315,0.43,0.15,0.16,"Hope",2012,"archival",1,"ASY",49.36452504,-121.3519593,NA,NA,NA,NA,NA,NA,NA,1,"hybrid","y2012","s1",0.358631182190068
"MF15K01",0.575,0.43,0.595,0.35,0.5,0.94,"Hope",2012,"archival",1,"ASY",49.36452504,-121.3519593,NA,NA,NA,NA,NA,NA,NA,1,"hybrid","y2012","s1",0.314572370369411
"bird_I",0.64,0.56,0.625,0.57,0.71,0.52,"Washington",2020,"archival",1,"SY",47.355905,-121.114779,NA,NA,NA,NA,NA,NA,NA,0,"hybrid","y2020","s1",0.29169875450326
"bird_H",0.595,0.63,0.56,0.72,0.785,0.43,"Washington",2020,"archival",1,"ASY",47.2818,-121.08663,NA,NA,NA,NA,NA,NA,NA,0,"hybrid","y2020","s1",0.288453459401591
"bird_G",0.44,0.48,0.435,0.47,0.455,0.65,"Washington",2020,"archival",1,"SY",47.406249,-121.099704,NA,NA,NA,NA,NA,NA,NA,1,"hybrid","y2020","s1",0.324677157980394
"bird_F",0.495,0.49,0.435,0.59,0.82,0.2,"Washington",2020,"archival",1,"SY",47.405596,-121.092504,NA,NA,NA,NA,NA,NA,NA,1,"hybrid","y2020","s1",0.316713574008952
"bird_E",0.395,0.49,0.445,0.57,0.195,0.09,"Washington",2020,"archival",1,"ASY",47.290481,-121.094275,NA,NA,NA,NA,NA,NA,NA,1,"hybrid","y2020","s1",0.328772713667053
"bird_C",0.595,0.77,0.555,0.81,0.71,0.46,"Washington",2020,"archival",1,"ASY",47.275547,-121.083151,NA,NA,NA,NA,NA,NA,NA,0,"hybrid","y2020","s1",0.272550108596849
"bird_B",0.67,0.66,0.69,0.62,0.545,0.77,"Washington",2020,"archival",1,"ASY",47.28097,-121.08389,NA,NA,NA,NA,NA,NA,NA,1,"hybrid","y2020","s1",0.277599484816437
"bird_A",0.55,0.42,0.58,0.34,0.43,0.86,"Washington",2020,"archival",1,"ASY",47.280784,-121.082719,NA,NA,NA,NA,NA,NA,NA,1,"hybrid","y2020","s1",0.318934082733411
"bird_Y",0.635,0.55,0.605,0.59,0.375,0.57,"Washington",2020,"archival",1,"SY",47.4098,-121.1069,NA,NA,NA,NA,NA,NA,NA,0,"hybrid","y2020","s1",0.293376660341861
"bird_X",0.545,0.53,0.49,0.56,0.825,0.35,"Washington",2020,"archival",1,"ASY",47.409841,-121.106969,NA,NA,NA,NA,NA,NA,NA,0,"hybrid","y2020","s1",0.305812058171725
"bird_W",0.49,0.58,0.43,0.66,0.83,0.34,"Washington",2020,"archival",1,"ASY",47.37883,-121.09548,NA,NA,NA,NA,NA,NA,NA,0,"hybrid","y2020","s1",0.305686093040602
"bird_V",0.3,0.32,0.335,0.37,0.135,0.03,"Washington",2020,"archival",1,"SY",47.378857,-121.095502,NA,NA,NA,NA,NA,NA,NA,0,"hybrid","y2020","s1",0.366600211398762
"bird_U",0.645,0.71,0.645,0.61,0.53,0.94,"Washington",2020,"archival",1,"SY",47.374306,-121.099035,NA,NA,NA,NA,NA,NA,NA,0,"hybrid","y2020","s1",0.274599418812443
"bird_T",0.405,0.51,0.46,0.6,0.1,0.04,"Washington",2020,"archival",1,"SY",47.373689,-121.093915,NA,NA,NA,NA,NA,NA,NA,1,"hybrid","y2020","s1",0.324768756502434
"bird_S",0.485,0.43,0.515,0.45,0.24,0.32,"Washington",2020,"archival",1,"SY",47.373689,-121.093915,NA,NA,NA,NA,NA,NA,NA,1,"hybrid","y2020","s1",0.325820931142482
"bird_Q",0.455,0.49,0.515,0.59,0.105,0.05,"Washington",2020,"archival",1,"SY",47.355583,-121.101609,NA,NA,NA,NA,NA,NA,NA,0,"hybrid","y2020","s1",0.321508875609502
"bird_P",0.71,0.48,0.77,0.4,0.85,0.24,"Washington",2020,"archival",1,"SY",47.355659,-121.101035,NA,NA,NA,NA,NA,NA,NA,0,"hybrid","y2020","s1",0.292692243872872
"bird_O",0.635,0.61,0.655,0.49,0.5,1,"Washington",2020,"archival",1,"SY",47.355298,-121.101484,NA,NA,NA,NA,NA,NA,NA,0,"hybrid","y2020","s1",0.286607246025777
"bird_N",0.48,0.64,0.55,0.76,0.13,0.1,"Washington",2020,"archival",1,"ASY",47.3491,-121.104333,NA,NA,NA,NA,NA,NA,NA,0,"hybrid","y2020","s1",0.299108120509635
"bird_M",0.53,0.54,0.535,0.47,0.475,0.85,"Washington",2020,"archival",1,"SY",47.289241,-121.095877,NA,NA,NA,NA,NA,NA,NA,0,"hybrid","y2020","s1",0.306274675559885
"bird_K",0.57,0.66,0.615,0.65,0.46,0.86,"Washington",2020,"archival",1,"SY",47.416668,-121.079474,NA,NA,NA,NA,NA,NA,NA,1,"hybrid","y2020","s1",0.287492284728428
"bird_J",0.495,0.59,0.49,0.54,0.545,0.91,"Washington",2020,"archival",1,"ASY",47.416668,-121.079474,NA,NA,NA,NA,NA,NA,NA,0,"hybrid","y2020","s1",0.303865027210615
"bird_Z_plus",0.29,0.26,0.315,0.29,0.115,0.05,"Washington",2020,"archival",1,"SY",47.109304,-121.013331,NA,NA,NA,NA,NA,NA,NA,0,"hybrid","y2020","s1",0.377531111410056
"bird_Z",0.535,0.75,0.56,0.76,0.425,0.85,"Washington",2020,"archival",1,"SY",47.19118,-121.014651,NA,NA,NA,NA,NA,NA,NA,0,"hybrid","y2020","s1",0.280253771991371
"AF29H03",0.625,0.63,0.665,0.59,0.53,0.94,"Pemberton",2019,"archival",1,"ASY",50.3379439,-122.7463217,NA,NA,NA,NA,NA,NA,NA,1,"hybrid","y2019","s1",0.285388837510956
"AF16H01",0.505,0.71,0.51,0.7,0.435,0.73,"Pemberton",2019,"archival",1,"ASY",50.219776,-122.889329,NA,NA,NA,NA,NA,NA,NA,0,"hybrid","y2019","s1",0.287879420784776
"AF12H02",0.56,0.78,0.6,0.8,0.52,0.76,"Hope",2018,"archival",1,"ASY",49.3803472,-121.3189882,NA,NA,NA,NA,NA,NA,NA,1,"hybrid","y2018","s1",0.274513105072146
"KF19K02",0.495,0.69,0.585,0.83,0.195,0.31,"Hope",2011,"archival",1,"ASY",49.465489,-121.252174,NA,NA,NA,NA,NA,NA,NA,0,"hybrid","y2011","s1",0.291315495024155
"KF19K01",0.86,0.18,0.865,0.17,0.865,0.11,"Hope",2011,"archival",1,"ASY",49.468003,-121.252538,NA,NA,NA,NA,NA,NA,NA,0,"hybrid","y2011","s1",0.304371755818732
"KF18K05",0.41,0.48,0.41,0.4,0.44,0.72,"Hope",2011,"archival",1,"ASY",49.383339,-121.422871,NA,NA,NA,NA,NA,NA,NA,0,"hybrid","y2011","s1",0.32834177111939
"KF18K01",0.29,0.4,0.315,0.41,0.22,0.2,"Hope",2011,"archival",1,"SY",49.384558,-121.415379,NA,NA,NA,NA,NA,NA,NA,0,"hybrid","y2011","s1",0.355521652324362
"KF12K01",0.405,0.37,0.385,0.23,0.515,0.97,"Hope",2011,"archival",1,"SY",49.477057,-121.249756,NA,NA,NA,NA,NA,NA,NA,0,"hybrid","y2011","s1",0.344532623050917
"KF11K05",0.74,0.52,0.725,0.47,0.66,0.24,"Hope",2011,"archival",1,"ASY",49.477408,-121.248986,NA,NA,NA,NA,NA,NA,NA,0,"hybrid","y2011","s1",0.285089392142147
"KF11K04",0.425,0.47,0.395,0.45,0.605,0.55,"Hope",2011,"archival",1,"SY",49.478053,-121.249496,NA,NA,NA,NA,NA,NA,NA,0,"hybrid","y2011","s1",0.327886345756322
"KF11K03",0.465,0.35,0.515,0.39,0.22,0.06,"Hope",2011,"archival",1,"ASY",49.476698,-121.251103,NA,NA,NA,NA,NA,NA,NA,0,"hybrid","y2011","s1",0.339229653132002
"KF11K02",0.495,0.45,0.46,0.4,0.66,0.68,"Hope",2011,"archival",1,"SY",49.474762,-121.252576,NA,NA,NA,NA,NA,NA,NA,0,"hybrid","y2011","s1",0.321933825942395
"KF21K07",0.645,0.55,0.69,0.44,0.68,0.64,"Pemberton",2011,"archival",1,"ASY",50.299991,-122.76281,NA,NA,NA,NA,NA,NA,NA,0,"hybrid","y2011","s1",0.292280646603073
"KF21K06",0.735,0.41,0.715,0.43,0.875,0.19,"Pemberton",2011,"archival",1,"SY",50.300212,-122.761182,NA,NA,NA,NA,NA,NA,NA,0,"hybrid","y2011","s1",0.29723578487958
"KF21K04",0.63,0.64,0.58,0.7,0.795,0.41,"Pemberton",2011,"archival",1,"SY",50.300231,-122.761826,NA,NA,NA,NA,NA,NA,NA,0,"hybrid","y2011","s1",0.283761116592238
"KF21K02",0.495,0.63,0.55,0.72,0.155,0.15,"Pemberton",2011,"archival",1,"SY",50.337726,-122.749493,NA,NA,NA,NA,NA,NA,NA,0,"hybrid","y2011","s1",0.298808651617292
"KF21K01",0.84,0.14,0.835,0.11,0.885,0.23,"Pemberton",2011,"archival",1,"SY",50.337037,-122.745283,NA,NA,NA,NA,NA,NA,NA,0,"hybrid","y2011","s1",0.31123312559357
"KF20K08",0.68,0.48,0.645,0.53,0.875,0.19,"Pemberton",2011,"archival",1,"SY",50.335421,-122.734675,NA,NA,NA,NA,NA,NA,NA,0,"hybrid","y2011","s1",0.296154162213241
"KF20K06",0.76,0.38,0.745,0.41,0.825,0.29,"Pemberton",2011,"archival",1,"SY",50.334452,-122.742954,NA,NA,NA,NA,NA,NA,NA,0,"hybrid","y2011","s1",0.297338405622441
"KF20K05",0.63,0.5,0.67,0.46,0.435,0.79,"Pemberton",2011,"archival",1,"ASY",50.338174,-122.740771,NA,NA,NA,NA,NA,NA,NA,0,"hybrid","y2011","s1",0.299663370791958
"KF20K04",0.57,0.32,0.63,0.32,0.255,0.37,"Pemberton",2011,"archival",1,"SY",50.335042,-122.739704,NA,NA,NA,NA,NA,NA,NA,0,"hybrid","y2011","s1",0.328936132210278
"KF20K03",0.48,0.58,0.53,0.62,0.235,0.29,"Pemberton",2011,"archival",1,"ASY",50.336924,-122.742835,NA,NA,NA,NA,NA,NA,NA,0,"hybrid","y2011","s1",0.306786677630585
"KF20K01",0.625,0.65,0.63,0.62,0.745,0.51,"Pemberton",2011,"archival",1,"SY",50.3292,-122.739976,NA,NA,NA,NA,NA,NA,NA,0,"hybrid","y2011","s1",0.283143766537354
"KF19K05",0.545,0.33,0.535,0.29,0.595,0.45,"Pemberton",2011,"archival",1,"ASY",50.327959,-122.739871,NA,NA,NA,NA,NA,NA,NA,0,"hybrid","y2011","s1",0.331051849407663
"KF19K04",0.615,0.71,0.66,0.56,0.53,0.94,"Pemberton",2011,"archival",1,"ASY",50.324983,-122.738417,NA,NA,NA,NA,NA,NA,NA,0,"hybrid","y2011","s1",0.277412894549428
"KF23K04",0.455,0.63,0.45,0.54,0.505,0.95,"Pemberton",2011,"archival",1,"SY",50.219783,-122.881136,NA,NA,NA,NA,NA,NA,NA,0,"hybrid","y2011","s1",0.30300993969141
"KF23K03",0.395,0.39,0.455,0.49,0.07,0,"Pemberton",2011,"archival",1,"ASY",50.219783,-122.881136,NA,NA,NA,NA,NA,NA,NA,0,"hybrid","y2011","s1",0.343000646455382
"KF23K02",0.475,0.53,0.475,0.45,0.485,0.79,"Pemberton",2011,"archival",1,"ASY",50.220369,-122.885149,NA,NA,NA,NA,NA,NA,NA,0,"hybrid","y2011","s1",0.313846256371903
"KF23K01",0.35,0.44,0.415,0.53,0.07,0,"Pemberton",2011,"archival",1,"SY",50.219783,-122.881136,NA,NA,NA,NA,NA,NA,NA,0,"hybrid","y2011","s1",0.341599580107871
"KF22K07",0.48,0.72,0.47,0.66,0.49,0.98,"Pemberton",2011,"archival",1,"SY",50.296585,-122.758073,NA,NA,NA,NA,NA,NA,NA,0,"hybrid","y2011","s1",0.289043706861619
"KF22K06",0.76,0.32,0.835,0.33,0.5,0.5,"Pemberton",2011,"archival",1,"SY",50.291841,-122.762372,NA,NA,NA,NA,NA,NA,NA,0,"hybrid","y2011","s1",0.30365865914137
"KF22K05",0.62,0.44,0.72,0.5,0.12,0,"Pemberton",2011,"archival",1,"ASY",50.294341,-122.760319,NA,NA,NA,NA,NA,NA,NA,0,"hybrid","y2011","s1",0.307846761623396
"KF22K04",0.53,0.56,0.595,0.63,0.16,0.16,"Pemberton",2011,"archival",1,"ASY",50.291841,-122.762372,NA,NA,NA,NA,NA,NA,NA,0,"hybrid","y2011","s1",0.30378459642622
"KF22K03",0.705,0.59,0.72,0.5,0.515,0.79,"Pemberton",2011,"archival",1,"SY",50.294341,-122.760319,NA,NA,NA,NA,NA,NA,NA,0,"hybrid","y2011","s1",0.281514904880962
"KF22K02",0.525,0.79,0.545,0.79,0.5,1,"Pemberton",2011,"archival",1,"ASY",50.295937,-122.759595,NA,NA,NA,NA,NA,NA,NA,0,"hybrid","y2011","s1",0.276432403269221
"KF22K01",0.785,0.43,0.69,0.4,0.97,0,"Pemberton",2011,"archival",1,"SY",50.29641,-122.759556,NA,NA,NA,NA,NA,NA,NA,0,"hybrid","y2011","s1",0.289170191124427
"LF23K02",0.685,0.47,0.64,0.52,0.835,0.09,"Pemberton",2012,"archival",1,"ASY",NA,NA,NA,NA,NA,NA,NA,NA,NA,0,"hybrid","y2012","s1",0.296678670062186
"LF23K01",0.585,0.83,0.575,0.85,0.63,0.74,"Pemberton",2012,"archival",1,"SY",NA,NA,NA,NA,NA,NA,NA,NA,NA,0,"hybrid","y2012","s1",0.266733900670659
"LF22K01",0.735,0.43,0.805,0.39,0.54,0.78,"Pemberton",2012,"archival",1,"ASY",NA,NA,NA,NA,NA,NA,NA,NA,NA,0,"hybrid","y2012","s1",0.295107422018542
"LF21K01",0.56,0.4,0.505,0.41,0.85,0.3,"Pemberton",2012,"archival",1,"SY",NA,NA,NA,NA,NA,NA,NA,NA,NA,0,"hybrid","y2012","s1",0.320182593477797
"KF25K01",0.33,0.46,0.365,0.51,0.155,0.19,"Hope",2011,"archival",1,"SY",49.384307,-121.411859,NA,NA,NA,NA,NA,NA,NA,0,"hybrid","y2011","s1",0.341186889736174
"KF24K02",0.665,0.41,0.64,0.44,0.82,0.34,"Pemberton",2011,"archival",1,"SY",50.347383,-122.731703,NA,NA,NA,NA,NA,NA,NA,0,"hybrid","y2011","s1",0.305811447571542
"KF24K01",0.56,0.62,0.595,0.69,0.64,0.72,"Pemberton",2011,"archival",1,"SY",50.347383,-122.731703,NA,NA,NA,NA,NA,NA,NA,0,"hybrid","y2011","s1",0.293245987518426
"KF23K09",0.625,0.75,0.655,0.69,0.485,0.83,"Pemberton",2011,"archival",1,"ASY",50.221431,-122.881752,NA,NA,NA,NA,NA,NA,NA,0,"hybrid","y2011","s1",0.272080334513941
"KF23K06",0.56,0.66,0.61,0.62,0.31,0.26,"Pemberton",2011,"archival",1,"SY",50.222042,-122.88844,NA,NA,NA,NA,NA,NA,NA,0,"hybrid","y2011","s1",0.288493057443876
"LF26K01",0.465,0.61,0.5,0.64,0.24,0.38,"Hope",2012,"archival",1,"ASY",NA,NA,NA,NA,NA,NA,NA,NA,NA,0,"hybrid","y2012","s1",0.304541288297213
"LF25K01",0.8,0.26,0.795,0.27,0.965,0.07,"Pemberton",2012,"archival",1,"SY",NA,NA,NA,NA,NA,NA,NA,NA,NA,0,"hybrid","y2012","s1",0.304621961702765
"LF24K08",0.495,0.55,0.525,0.55,0.385,0.59,"Pemberton",2012,"archival",1,"ASY",NA,NA,NA,NA,NA,NA,NA,NA,NA,0,"hybrid","y2012","s1",0.308969263717012
"LF24K06",0.5,0.52,0.475,0.45,0.63,0.74,"Pemberton",2012,"archival",1,"ASY",NA,NA,NA,NA,NA,NA,NA,NA,NA,0,"hybrid","y2012","s1",0.312247698120096
"LF24K03",0.57,0.66,0.605,0.67,0.405,0.73,"Pemberton",2012,"archival",1,"SY",NA,NA,NA,NA,NA,NA,NA,NA,NA,0,"hybrid","y2012","s1",0.287492284728428
"LF24K02",0.635,0.57,0.585,0.61,0.855,0.29,"Pemberton",2012,"archival",1,"ASY",NA,NA,NA,NA,NA,NA,NA,NA,NA,0,"hybrid","y2012","s1",0.29110981219958
"LF23K07",0.665,0.55,0.705,0.47,0.54,0.92,"Pemberton",2012,"archival",1,"ASY",NA,NA,NA,NA,NA,NA,NA,NA,NA,0,"hybrid","y2012","s1",0.290095848248583
"LF23K05",0.665,0.51,0.665,0.49,0.505,0.85,"Pemberton",2012,"archival",1,"SY",NA,NA,NA,NA,NA,NA,NA,NA,NA,0,"hybrid","y2012","s1",0.294537153197272
"LF23K03",0.57,0.62,0.63,0.68,0.24,0.4,"Pemberton",2012,"archival",1,"SY",NA,NA,NA,NA,NA,NA,NA,NA,NA,0,"hybrid","y2012","s1",0.292204501369488
"LF27K11",0.465,0.69,0.49,0.64,0.34,0.68,"Hope",2012,"archival",1,"SY",NA,NA,NA,NA,NA,NA,NA,NA,NA,0,"hybrid","y2012","s1",0.294277456474816
"LF27K10",0.8,0.22,0.81,0.18,0.77,0.36,"Hope",2012,"archival",1,"ASY",NA,NA,NA,NA,NA,NA,NA,NA,NA,0,"hybrid","y2012","s1",0.30875681270751
"LF27K09",0.255,0.21,0.275,0.25,0.105,0.03,"Hope",2012,"archival",1,"ASY",NA,NA,NA,NA,NA,NA,NA,NA,NA,0,"hybrid","y2012","s1",0.390979880475449
"LF27K06",0.42,0.6,0.425,0.57,0.39,0.6,"Hope",2012,"archival",1,"SY",NA,NA,NA,NA,NA,NA,NA,NA,NA,0,"hybrid","y2012","s1",0.310737423595056
"LF27K05",0.48,0.52,0.505,0.53,0.305,0.47,"Hope",2012,"archival",1,"SY",NA,NA,NA,NA,NA,NA,NA,NA,NA,0,"hybrid","y2012","s1",0.314573883554527
"LF27K01",0.435,0.71,0.465,0.77,0.205,0.33,"Hope",2012,"archival",1,"ASY",NA,NA,NA,NA,NA,NA,NA,NA,NA,0,"hybrid","y2012","s1",0.29466100373823
"LF26K09",0.425,0.47,0.465,0.49,0.46,0.4,"Hope",2012,"archival",1,"ASY",NA,NA,NA,NA,NA,NA,NA,NA,NA,0,"hybrid","y2012","s1",0.327886345756322
"LF26K07",0.705,0.45,0.675,0.51,0.665,0.51,"Hope",2012,"archival",1,"SY",NA,NA,NA,NA,NA,NA,NA,NA,NA,0,"hybrid","y2012","s1",0.296522232073116
"LF26K06",0.535,0.75,0.53,0.64,0.515,0.79,"Hope",2012,"archival",1,"SY",NA,NA,NA,NA,NA,NA,NA,NA,NA,0,"hybrid","y2012","s1",0.280253771991371
"LF26K04",0.57,0.62,0.56,0.62,0.66,0.68,"Hope",2012,"archival",1,"SY",NA,NA,NA,NA,NA,NA,NA,NA,NA,0,"hybrid","y2012","s1",0.292204501369488
"LF26K03",0.365,0.47,0.37,0.46,0.365,0.61,"Hope",2012,"archival",1,"SY",NA,NA,NA,NA,NA,NA,NA,NA,NA,0,"hybrid","y2012","s1",0.335323284736122
"DF25H01",0.785,0.33,0.77,0.34,0.835,0.15,"Pemberton",2022,"archival",1,"AHY",50.33589,-122.743781,NA,NA,NA,NA,NA,NA,NA,0,"hybrid","y2022","s1",0.299382574929824
"DF25H02",0.685,0.41,0.65,0.42,0.83,0.22,"Pemberton",2022,"archival",1,"AHY",50.221549,-122.881971,NA,NA,NA,NA,NA,NA,NA,1,"hybrid","y2022","s1",0.303347140131327
"DF25H03",0.755,0.35,0.795,0.23,0.515,0.97,"Pemberton",2022,"archival",1,"SY",50.221168,-122.882432,NA,NA,NA,NA,NA,NA,NA,0,"hybrid","y2022","s1",0.301124443868227
"DF26H01",0.725,0.43,0.695,0.51,0.895,0.11,"Pemberton",2022,"archival",1,"AHY",50.3379131,-122.7440868,NA,NA,NA,NA,NA,NA,NA,1,"hybrid","y2022","s1",0.296303339060976
"DF26H02",0.79,0.3,0.76,0.36,0.915,0.09,"Pemberton",2022,"archival",1,"AHY",50.337633,-122.737234,NA,NA,NA,NA,NA,NA,NA,0,"hybrid","y2022","s1",0.30182950198753
"DF26H03",0.8,0.34,0.73,0.5,0.95,0.08,"Pemberton",2022,"archival",1,"AHY",50.337456,-122.736003,NA,NA,NA,NA,NA,NA,NA,0,"hybrid","y2022","s1",0.296446572427557
"DE28K03",0.805,0.21,0.8,0.22,0.78,0.18,"Pemberton",2022,"archival",1,"SY",50.369236,-122.862235,NA,NA,NA,NA,NA,NA,NA,1,"hybrid","y2022","s1",0.309093759845449
"DE28K04",0.76,0,0.78,0,0.64,0.12,"Pemberton",2022,"archival",1,"AHY",50.369746,-122.861859,NA,NA,NA,NA,NA,NA,NA,0,"hybrid","y2022","s1",0.338593359401386
"DF27H01",0.815,0.25,0.87,0.2,0.545,0.65,"Pemberton",2022,"archival",1,"AHY",50.337439,-122.73586,NA,NA,NA,NA,NA,NA,NA,0,"hybrid","y2022","s1",0.303613853972731
"DF27H02",0.59,0.48,0.645,0.49,0.34,0.56,"Pemberton",2022,"archival",1,"AHY",50.339087,-122.738405,NA,NA,NA,NA,NA,NA,NA,0,"hybrid","y2022","s1",0.306680523172151
"DF27H03",0.535,0.77,0.565,0.75,0.48,0.96,"Pemberton",2022,"archival",1,"SY",50.337177,-122.742997,NA,NA,NA,NA,NA,NA,NA,1,"hybrid","y2022","s1",0.277898022763687
"DF27H05",0.685,0.29,0.81,0.38,0.09,0.02,"Pemberton",2022,"archival",1,"AHY",50.333765,-122.746803,NA,NA,NA,NA,NA,NA,NA,1,"hybrid","y2022","s1",0.316933605622635
"DF27H06",0.76,0.4,0.75,0.42,0.895,0.15,"Pemberton",2022,"archival",1,"SY",50.333379,-122.749877,NA,NA,NA,NA,NA,NA,NA,0,"hybrid","y2022","s1",0.295248596250866
"DF27H07",0.665,0.53,0.7,0.46,0.5,1,"Pemberton",2022,"archival",1,"SY",50.219995,-122.887498,NA,NA,NA,NA,NA,NA,NA,0,"hybrid","y2022","s1",0.292311549832672
"DF27H08",0.495,0.81,0.505,0.79,0.49,0.88,"Pemberton",2022,"archival",1,"AHY",50.2230491,-122.8859649,NA,NA,NA,NA,NA,NA,NA,1,"hybrid","y2022","s1",0.276666827019311
"DF28H01",0.465,0.19,0.535,0.21,0.12,0,"Pemberton",2022,"archival",1,"SY",50.219599,-122.88041,NA,NA,NA,NA,NA,NA,NA,0,"hybrid","y2022","s1",0.361499742267179
"DF28H02",0.45,0.62,0.455,0.55,0.445,0.89,"Pemberton",2022,"archival",1,"AHY",50.219901,-122.889198,NA,NA,NA,NA,NA,NA,NA,0,"hybrid","y2022","s1",0.304844004713559
"DF28H05",0.615,0.49,0.655,0.45,0.38,0.6,"Pemberton",2022,"archival",1,"SY",50.2974238,-122.7593687,NA,NA,NA,NA,NA,NA,NA,0,"hybrid","y2022","s1",0.302562181023476
"DF28H07",0.63,0.2,0.58,0.24,0.875,0.25,"Pemberton",2022,"archival",1,"SY",50.2985634,-122.7603976,NA,NA,NA,NA,NA,NA,NA,0,"hybrid","y2022","s1",0.335381384716056
"DF29K01",0.695,0.31,0.78,0.28,0.345,0.45,"Pemberton",2022,"archival",1,"AHY",50.355548,-122.727904,NA,NA,NA,NA,NA,NA,NA,1,"hybrid","y2022","s1",0.313312838575143
"DF29K02",0.785,0.39,0.795,0.41,0.83,0.34,"Pemberton",2022,"archival",1,"SY",50.3367872,-122.7552683,NA,NA,NA,NA,NA,NA,NA,0,"hybrid","y2022","s1",0.293230321927304
"DF29H03",0.655,0.59,0.68,0.52,0.545,0.91,"Pemberton",2022,"archival",1,"AHY",50.329542,-122.7405,NA,NA,NA,NA,NA,NA,NA,0,"hybrid","y2022","s1",0.286745062970968
"DF29H04",0.73,0.14,0.845,0.17,0.1,0,"Pemberton",2022,"archival",1,"SY",50.3385492,-122.7460022,NA,NA,NA,NA,NA,NA,NA,0,"hybrid","y2022","s1",0.327559758690351
"DF29H05",0.76,0.38,0.805,0.29,0.5,1,"Pemberton",2022,"archival",1,"AHY",50.329233,-122.741031,NA,NA,NA,NA,NA,NA,NA,1,"hybrid","y2022","s1",0.297338405622441
"DF29H06",0.78,0.3,0.82,0.24,0.585,0.77,"Pemberton",2022,"archival",1,"SY",50.340328,-122.74153,NA,NA,NA,NA,NA,NA,NA,1,"hybrid","y2022","s1",0.303143834391114
"DF30H03",0.735,0.35,0.775,0.21,0.5,1,"Pemberton",2022,"archival",1,"AHY",50.3390001,-122.7428992,NA,NA,NA,NA,NA,NA,NA,0,"hybrid","y2022","s1",0.303673628814961
"DF30H04",0.72,0.38,0.76,0.24,0.495,0.93,"Pemberton",2022,"archival",1,"SY",50.410168,-122.886138,NA,NA,NA,NA,NA,NA,NA,0,"hybrid","y2022","s1",0.302317606868882
"DG01H01",0.51,0.5,0.515,0.31,0.48,0.96,"Hope",2022,"archival",1,"SY",49.463876,-121.252194,NA,NA,NA,NA,NA,NA,NA,0,"hybrid","y2022","s1",0.313643375001246
"DG01H02",0.535,0.61,0.545,0.53,0.5,0.82,"Hope",2022,"archival",1,"AHY",49.4644166,-121.2523169,NA,NA,NA,NA,NA,NA,NA,0,"hybrid","y2022","s1",0.297080278358891
"DG01H03",0.275,0.31,0.325,0.27,0.34,0.16,"Hope",2022,"archival",1,"SY",49.4641333,-121.2531397,NA,NA,NA,NA,NA,NA,NA,1,"hybrid","y2022","s1",0.371773717366017
"DG01H04",0.61,0.56,0.525,0.71,0.965,0.07,"Hope",2022,"archival",1,"SY",49.4641183,-121.2518582,NA,NA,NA,NA,NA,NA,NA,0,"hybrid","y2022","s1",0.294966785492436
"DG01H05",0.475,0.67,0.46,0.58,0.5,1,"Hope",2022,"archival",1,"SY",49.468771,-121.253333,NA,NA,NA,NA,NA,NA,NA,1,"hybrid","y2022","s1",0.295814620046232
"DG01H07",0.365,0.45,0.33,0.32,0.505,0.95,"Hope",2022,"archival",1,"SY",49.468351,-121.251422,NA,NA,NA,NA,NA,NA,NA,0,"hybrid","y2022","s1",0.338223091784
"DG01H08",0.775,0.37,0.815,0.25,0.53,0.94,"Hope",2022,"archival",1,"SY",49.4730738,-121.2495184,NA,NA,NA,NA,NA,NA,NA,0,"hybrid","y2022","s1",0.296516044295435
"DG02H01",0.72,0.34,0.675,0.41,1,0,"Hope",2022,"archival",1,"SY",49.473744,-121.249878,NA,NA,NA,NA,NA,NA,NA,0,"hybrid","y2022","s1",0.306689843546686
"DG02H02",0.395,0.59,0.36,0.54,0.58,0.84,"Hope",2022,"archival",1,"SY",49.4789355,-121.2507569,NA,NA,NA,NA,NA,NA,NA,0,"hybrid","y2022","s1",0.314852133375135
"DG02H03",0.515,0.55,0.585,0.63,0.13,0.04,"Hope",2022,"archival",1,"AHY",49.4770644,-121.2515022,NA,NA,NA,NA,NA,NA,NA,0,"hybrid","y2022","s1",0.306713781383951
"DG02H04",0.335,0.35,0.38,0.42,0.07,0,"Hope",2022,"archival",1,"SY",49.473744,-121.249878,NA,NA,NA,NA,NA,NA,NA,0,"hybrid","y2022","s1",0.357052072596602
"DG02H05",0.265,0.19,0.29,0.2,0.13,0.08,"Hope",2022,"archival",1,"AHY",49.4781894,-121.2509567,NA,NA,NA,NA,NA,NA,NA,0,"hybrid","y2022","s1",0.392687448753657
"DG02H06",0.3,0.16,0.335,0.19,0.12,0.08,"Hope",2022,"archival",1,"SY",49.4754593,-121.2483415,NA,NA,NA,NA,NA,NA,NA,0,"hybrid","y2022","s1",0.391962577915444
"DG02H07",0.48,0.7,0.485,0.67,0.49,0.88,"Hope",2022,"archival",1,"AHY",49.4754789,-121.2526522,NA,NA,NA,NA,NA,NA,NA,0,"hybrid","y2022","s1",0.29154092303231
"DG02H08",0.695,0.47,0.735,0.37,0.48,0.88,"Hope",2022,"archival",1,"SY",49.475918,-121.2519,NA,NA,NA,NA,NA,NA,NA,0,"hybrid","y2022","s1",0.295513074403377
"DG03H01",0.28,0.18,0.255,0.07,0.5,1,"Hope",2022,"archival",1,"SY",49.3169368,-121.4167323,NA,NA,NA,NA,NA,NA,NA,0,"hybrid","y2022","s1",0.391935903469092
"DG03H02",0.315,0.43,0.37,0.52,0.0600000000000001,0,"Hope",2022,"archival",1,"AHY",49.3138365,-121.4154234,NA,NA,NA,NA,NA,NA,NA,0,"hybrid","y2022","s1",0.347617510824585
"DG03H03",0.795,0.29,0.83,0.22,0.54,0.7,"Hope",2022,"archival",1,"SY",49.312799,-121.415229,NA,NA,NA,NA,NA,NA,NA,0,"hybrid","y2022","s1",0.302201697957931
"DG03H04",0.37,0.16,0.43,0.2,0.09,0,"Hope",2022,"archival",1,"SY",49.315727,-121.416352,NA,NA,NA,NA,NA,NA,NA,0,"hybrid","y2022","s1",0.380754309241305
"DG03H05",0.23,0.16,0.23,0.12,0.245,0.33,"Hope",2022,"archival",1,"SY",49.3118771,-121.416026,NA,NA,NA,NA,NA,NA,NA,1,"hybrid","y2022","s1",0.403285911292581
"DG03H06",0.245,0.19,0.27,0.2,0.125,0.01,"Hope",2022,"archival",1,"SY",49.3165069,-121.4162066,NA,NA,NA,NA,NA,NA,NA,0,"hybrid","y2022","s1",0.395859735365337
"DG03H07",0.445,0.53,0.435,0.45,0.51,0.76,"Hope",2022,"archival",1,"AHY",49.381745,-121.3175841,NA,NA,NA,NA,NA,NA,NA,0,"hybrid","y2022","s1",0.317324323520021
"DG03H08",0.445,0.17,0.515,0.21,0.07,0,"Hope",2022,"archival",1,"SY",49.3824631,-121.3178131,NA,NA,NA,NA,NA,NA,NA,1,"hybrid","y2022","s1",0.367444837236244
"DG03H09",0.295,0.27,0.335,0.33,0.09,0.02,"Hope",2022,"archival",1,"SY",49.384256,-121.316432,NA,NA,NA,NA,NA,NA,NA,1,"hybrid","y2022","s1",0.375197268314562
"DG04H01",0.545,0.39,0.62,0.5,0.14,0,"Hope",2022,"archival",1,"AHY",49.315878,-121.418636,NA,NA,NA,NA,NA,NA,NA,1,"hybrid","y2022","s1",0.323368628335357
"DG04H02",0.315,0.37,0.34,0.38,0.2,0.26,"Hope",2022,"archival",1,"SY",49.315367,-121.416202,NA,NA,NA,NA,NA,NA,NA,1,"hybrid","y2022","s1",0.356759789081281
"DG04H03",0.405,0.45,0.395,0.35,0.505,0.87,"Hope",2022,"archival",1,"AHY",49.3164741,-121.4217433,NA,NA,NA,NA,NA,NA,NA,1,"hybrid","y2022","s1",0.3331677600249
"DG04H04",0.49,0.42,0.57,0.48,0.07,0,"Hope",2022,"archival",1,"AHY",49.310611,-121.413489,NA,NA,NA,NA,NA,NA,NA,0,"hybrid","y2022","s1",0.326513669863935
